slug,title,excerpt,category,readingTime,thumbnail,publishedAt,isFeatured,isTrending,author,status,seoTitle,seoDescription
free-startup-ai-tools,Free Startup AI Tools: Complete Founder Guide (2026),"A practical guide to free startup AI tools for founders. Learn what to use, where free plans break, and how to upgrade without tool sprawl.",AI Tools SEO,5 min read,https://images.unsplash.com/photo-1677442136019-21780ecad995?auto=format&fit=crop&w=1400&q=80,2026-02-17,true,true,100Xfounder Editorial Team,DRAFT,Free Startup AI Tools: Best No-Cost Stack for Founders in 2026,"A practical guide to free startup AI tools for founders. Learn what to use, where free plans break, and how to upgrade without tool sprawl."
startup-ai-tools-2026,Startup AI Tools 2026: What Founders Should Actually Deploy,"Startup AI tools in 2026 are about workflow ROI, not feature count. Use this founder playbook to pick, implement, and scale the right stack.",AI Tools SEO,4 min read,https://images.unsplash.com/photo-1454165804606-c3d57bc86b40?auto=format&fit=crop&w=1400&q=80,2026-02-17,false,true,100Xfounder Editorial Team,DRAFT,Startup AI Tools 2026: Founder Playbook for High-ROI AI Stack,"Startup AI tools in 2026 are about workflow ROI, not feature count. Use this founder playbook to pick, implement, and scale the right stack."
startup-ai-tools-checklist,Startup AI Tools Checklist: Founder Implementation Guide,"Use this startup AI tools checklist to evaluate, deploy, and scale AI across marketing, sales, support, and ops without wasting budget.",AI Tools SEO,4 min read,https://images.unsplash.com/photo-1519389950473-47ba0277781c?auto=format&fit=crop&w=1400&q=80,2026-02-17,false,true,100Xfounder Editorial Team,DRAFT,Startup AI Tools Checklist: Step-by-Step Execution for Founders,"Use this startup AI tools checklist to evaluate, deploy, and scale AI across marketing, sales, support, and ops without wasting budget."
startup-ai-tools-2027,Startup AI Tools 2027: How Founders Should Plan Ahead in 2026,Planning startup AI tools for 2027 starts now. Learn how founders should build durable AI workflows in 2026 that scale into the next phase.,AI Tools SEO,4 min read,https://images.unsplash.com/photo-1517245386807-bb43f82c33c4?auto=format&fit=crop&w=1400&q=80,2026-02-17,false,false,100Xfounder Editorial Team,DRAFT,Startup AI Tools 2027: Strategic Planning Guide for Founders,Planning startup AI tools for 2027 starts now. Learn how founders should build durable AI workflows in 2026 that scale into the next phase.
startup-ai-tools-use-cases,Startup AI Tools Use Cases: 30 Practical Plays for Founders,"Discover practical startup AI tools use cases across GTM, hiring, support, operations, and finance. Includes a deployment framework and internal link map.",AI Tools SEO,4 min read,https://images.unsplash.com/photo-1498050108023-c5249f4df085?auto=format&fit=crop&w=1400&q=80,2026-02-17,false,false,100Xfounder Editorial Team,DRAFT,Startup AI Tools Use Cases: Practical Founder Workflows That Scale,"Discover practical startup AI tools use cases across GTM, hiring, support, operations, and finance. Includes a deployment framework and internal link map."
for-beginners-startup-ai-tools,Startup AI Tools for Beginners: Founder-Friendly Setup Guide,"A beginner-friendly guide to startup AI tools. Learn what to adopt first, what to avoid, and how to get measurable outcomes quickly.",AI Tools SEO,4 min read,https://images.unsplash.com/photo-1552664730-d307ca884978?auto=format&fit=crop&w=1400&q=80,2026-02-17,false,false,100Xfounder Editorial Team,DRAFT,Startup AI Tools for Beginners: No-Fluff Guide for First-Time Founders,"A beginner-friendly guide to startup AI tools. Learn what to adopt first, what to avoid, and how to get measurable outcomes quickly."
paid-startup-ai-tools,Paid Startup AI Tools: How Founders Should Spend for ROI,"Learn when paid startup AI tools make sense, how to prioritize spend, and which evaluation model founders should use before upgrading.",AI Tools SEO,4 min read,https://images.unsplash.com/photo-1559136555-9303baea8ebd?auto=format&fit=crop&w=1400&q=80,2026-02-17,false,false,100Xfounder Editorial Team,DRAFT,Paid Startup AI Tools: Budget and ROI Guide for Founders,"Learn when paid startup AI tools make sense, how to prioritize spend, and which evaluation model founders should use before upgrading."
enterprise-ai-tools-for-startups,"Enterprise AI Tools for Startups: Security, Scale, and GTM Readiness","A practical guide to enterprise AI tools for startups. Learn security, compliance, workflow governance, and rollout strategy for scaling teams.",AI Tools SEO,4 min read,https://images.unsplash.com/photo-1486406146926-c627a92ad1ab?auto=format&fit=crop&w=1400&q=80,2026-02-17,false,false,100Xfounder Editorial Team,DRAFT,Enterprise AI Tools for Startups: Founder Guide to Secure Scaling,"A practical guide to enterprise AI tools for startups. Learn security, compliance, workflow governance, and rollout strategy for scaling teams."
startup-ai-tools-examples,Startup AI Tools Examples: Real Workflow Examples for Founders,"See practical startup AI tools examples across growth, support, hiring, and finance. Includes implementation framework and internal linking plan.",AI Tools SEO,4 min read,https://images.unsplash.com/photo-1522071820081-009f0129c71c?auto=format&fit=crop&w=1400&q=80,2026-02-17,false,false,100Xfounder Editorial Team,DRAFT,"Startup AI Tools Examples: Founder Workflows for Marketing, Sales, Ops","See practical startup AI tools examples across growth, support, hiring, and finance. Includes implementation framework and internal linking plan."
startup-ai-tools-in-usa,Startup AI Tools in USA: Founder Guide for US Market Execution,"A US-focused guide to startup AI tools with practical recommendations for GTM, hiring, customer support, and enterprise selling.",AI Tools SEO,4 min read,https://images.unsplash.com/photo-1460925895917-afdab827c52f?auto=format&fit=crop&w=1400&q=80,2026-02-17,false,false,100Xfounder Editorial Team,DRAFT,Startup AI Tools in USA: GTM and Operations Guide for Founders,"A US-focused guide to startup AI tools with practical recommendations for GTM, hiring, customer support, and enterprise selling."